user1,6165d066d7dca67b64005d450b0d40ea06f58434084c54134d2e77fe190e47a7
user2,98c1eb4ee93476743763878fcb96a25fbc9a175074d64004779ecb5242f645e6
test,9f86d081884c7d659a2feaa0c55ad015a3bf4f1b2b0b822cd15d6c15b0f00a08
group7,983d3c29fba4c781c49de99bc8dc252d854b2b92e7034cd84e8534a05abfe18f
admin,5e884898da28047151d0e56f8dc6292773603d0d6aabbdd62a11ef721d1542d8
ben,03ac674216f3e15c761ee1a5e255f067953623c8b388b4459e13f978d7c846f4
user7,cc82dd697404d133469bdbc6a60cd9fb36fa19d719bad8c9fe4cc443baefbb96
user8,a665a45920422f9d417e4867efdc4fb8a04a1f3fff1fa07e998e86f7f7a27ae3
user5,8a798890fe93817163b10b5f7bd2ca4d25d84c52739a645a889c173eee7d9d3d
user6,1d9cc6e121511dfaa3068896b499eea82a62bb0b409042efaf2da17673229458
user3,090b235e9eb8f197f2dd927937222c570396d971222d9009a9189e2b6cc0a2c1
user4,090b235e9eb8f197f2dd927937222c570396d971222d9009a9189e2b6cc0a2c1
user70,6f4b6612125fb3a0daecd2799dfd6c9c299424fd920f9b308110a2c1fbd8f443
ben_b,b4deb7014778137766d96f7a144765bfa33f40a3cfd23a4d559026f8e450a933
